serialNumber,title,author,genre
111128,To Kill a Mockingbird,Harper Lee,Historical Fiction
111129,The Hobbit,J.R.R. Tolkien,Fantasy
111130,The Iliad,Homer,Poetry
111131,The Odyssey,Homer,Poetry
111132,The Hitchhiker's Guide to the Galaxy,Douglas Adams,Comedy
111133,So Long and Thanks for all the Fish,Douglas Adams,Comedy
111134,Batman Volume 1,Bob Kane,Comic
111135,Harry Potter 1,J.K. Rowling,Fantasy
111136,Harry Potter 2,J.K. Rowling,Fantasy
111137,Harry Potter 3,J.K. Rowling,Fantasy
111138,Harry Potter 4,J.K. Rowling,Fantasy
111139,Harry Potter 5,J.K. Rowling,Fantasy
111140,Harry Potter 6,J.K. Rowling,Fantasy
111141,Wasteland,T.S. Eliot,Poetry
111142,Biggles in the Battle,W.E. Johns,War
111143,Aeneid,Virgil,Epic
111127,Halloween,Jamie Lee Curtis,Horror
111144,Biggles in the Battle,W.E. Johns,War
111145,So Long and Thanks for all the Fish,Douglas Adams,Comedy
111146,The Hobbit,J.R.R. Tolkien,Fantasy
111147,The Hobbit,J.R.R. Tolkien,Fantasy
111148,Best Unit Ever,INFO1113,Horror